{
    "model": {
    "type": "minecraft:range_dispatch",
    "property": "damage",
    "fallback": {
      "type": "model",
      "model": "item/bow"
    },
    "entries": [
      {
        "threshold": 0.05,
        "model": {
            "type": "minecraft:range_dispatch",
            "property": "minecraft:use_duration",
            "scale": 0.05,
            "fallback": {
            "type": "minecraft:model",
            "model": "item/sol_bow"
            },
            "entries": [
            {
                "model": {
                "type": "minecraft:model",
                "model": "item/bow_pulling_0"
                },
                "threshold": 0.001
            },{
                "model": {
                "type": "minecraft:model",
                "model": "item/bow_pulling_1"
                },
                "threshold": 0.65
            },
            {
                "model": {
                "type": "minecraft:model",
                "model": "item/bow_pulling_2"
                },
                "threshold": 0.9
            }
            ]
        }
      },
      {
        "threshold": 0.1,
        "model": {
            "type": "minecraft:range_dispatch",
            "property": "minecraft:use_duration",
            "scale": 0.05,
            "fallback": {
            "type": "minecraft:model",
            "model": "item/ass_bow"
            },
            "entries": [
            {
                "model": {
                "type": "minecraft:model",
                "model": "item/ass_bow_pulling_0"
                },
                "threshold": 0.001
            },{
                "model": {
                "type": "minecraft:model",
                "model": "item/ass_bow_pulling_1"
                },
                "threshold": 0.65
            },
            {
                "model": {
                "type": "minecraft:model",
                "model": "item/ass_bow_pulling_2"
                },
                "threshold": 0.9
            }
            ]
        }
      },
      {
        "threshold": 0.15,
        "model": {
            "type": "minecraft:range_dispatch",
            "property": "minecraft:use_duration",
            "scale": 0.05,
            "fallback": {
            "type": "minecraft:model",
            "model": "item/gho_bow"
            },
            "entries": [
            {
                "model": {
                "type": "minecraft:model",
                "model": "item/gho_bow_pulling_0"
                },
                "threshold": 0.001
            },{
                "model": {
                "type": "minecraft:model",
                "model": "item/gho_bow_pulling_1"
                },
                "threshold": 0.65
            },
            {
                "model": {
                "type": "minecraft:model",
                "model": "item/gho_bow_pulling_2"
                },
                "threshold": 0.9
            }
            ]
        }
      },
      {
        "threshold": 0.2,
        "model": {
            "type": "minecraft:range_dispatch",
            "property": "minecraft:use_duration",
            "scale": 0.05,
            "fallback": {
            "type": "minecraft:model",
            "model": "item/gho_bow"
            },
            "entries": [
            {
                "model": {
                "type": "minecraft:model",
                "model": "item/gho_bow_pulling_0"
                },
                "threshold": 0.001
            },{
                "model": {
                "type": "minecraft:model",
                "model": "item/gho_bow_pulling_1"
                },
                "threshold": 0.65
            },
            {
                "model": {
                "type": "minecraft:model",
                "model": "item/gho_bow_pulling_2"
                },
                "threshold": 0.9
            }
            ]
        }
      },
      {
        "threshold": 0.25,
        "model": {
            "type": "minecraft:range_dispatch",
            "property": "minecraft:use_duration",
            "scale": 0.05,
            "fallback": {
            "type": "minecraft:model",
            "model": "item/wizf_bow"
            },
            "entries": [
            {
                "model": {
                "type": "minecraft:model",
                "model": "item/wizf_bow_pulling_0"
                },
                "threshold": 0.001
            },{
                "model": {
                "type": "minecraft:model",
                "model": "item/wizf_bow_pulling_1"
                },
                "threshold": 0.65
            },
            {
                "model": {
                "type": "minecraft:model",
                "model": "item/wizf_bow_pulling_2"
                },
                "threshold": 0.9
            }
            ]
        }
      },
      {
        "threshold": 0.3,
        "model": {
            "type": "minecraft:range_dispatch",
            "property": "minecraft:use_duration",
            "scale": 0.05,
            "fallback": {
            "type": "minecraft:model",
            "model": "item/wizp_bow"
            },
            "entries": [
            {
                "model": {
                "type": "minecraft:model",
                "model": "item/wizp_bow_pulling_0"
                },
                "threshold": 0.001
            },{
                "model": {
                "type": "minecraft:model",
                "model": "item/wizp_bow_pulling_1"
                },
                "threshold": 0.65
            },
            {
                "model": {
                "type": "minecraft:model",
                "model": "item/wizp_bow_pulling_2"
                },
                "threshold": 0.9
            }
            ]
        }
      },
      {
        "threshold": 0.35,
        "model": {
            "type": "minecraft:range_dispatch",
            "property": "minecraft:use_duration",
            "scale": 0.05,
            "fallback": {
            "type": "minecraft:model",
            "model": "item/wizt_bow"
            },
            "entries": [
            {
                "model": {
                "type": "minecraft:model",
                "model": "item/wizt_bow_pulling_0"
                },
                "threshold": 0.001
            },{
                "model": {
                "type": "minecraft:model",
                "model": "item/wizt_bow_pulling_1"
                },
                "threshold": 0.65
            },
            {
                "model": {
                "type": "minecraft:model",
                "model": "item/wizt_bow_pulling_2"
                },
                "threshold": 0.9
            }
            ]
        }
      },
      {
        "threshold": 0.4,
        "model": {
            "type": "minecraft:range_dispatch",
            "property": "minecraft:use_duration",
            "scale": 0.05,
            "fallback": {
            "type": "minecraft:model",
            "model": "item/mad_bow"
            },
            "entries": [
            {
                "model": {
                "type": "minecraft:model",
                "model": "item/mad_bow_pulling_0"
                },
                "threshold": 0.001
            },{
                "model": {
                "type": "minecraft:model",
                "model": "item/mad_bow_pulling_1"
                },
                "threshold": 0.65
            },
            {
                "model": {
                "type": "minecraft:model",
                "model": "item/mad_bow_pulling_2"
                },
                "threshold": 0.9
            }
            ]
        }
      },
      {
        "threshold": 0.45,
        "model": {
            "type": "minecraft:range_dispatch",
            "property": "minecraft:use_duration",
            "scale": 0.05,
            "fallback": {
            "type": "minecraft:model",
            "model": "item/rea_bow"
            },
            "entries": [
            {
                "model": {
                "type": "minecraft:model",
                "model": "item/rea_bow_pulling_0"
                },
                "threshold": 0.001
            },{
                "model": {
                "type": "minecraft:model",
                "model": "item/rea_bow_pulling_1"
                },
                "threshold": 0.65
            },
            {
                "model": {
                "type": "minecraft:model",
                "model": "item/rea_bow_pulling_2"
                },
                "threshold": 0.9
            }
            ]
        }
      },
      {
        "threshold": 0.5,
        "model": {
            "type": "minecraft:range_dispatch",
            "property": "minecraft:use_duration",
            "scale": 0.05,
            "fallback": {
            "type": "minecraft:model",
            "model": "item/ech_bow"
            },
            "entries": [
            {
                "model": {
                "type": "minecraft:model",
                "model": "item/ech_bow_pulling_0"
                },
                "threshold": 0.001
            },{
                "model": {
                "type": "minecraft:model",
                "model": "item/ech_bow_pulling_1"
                },
                "threshold": 0.65
            },
            {
                "model": {
                "type": "minecraft:model",
                "model": "item/ech_bow_pulling_2"
                },
                "threshold": 0.9
            }
            ]
        }
      },
      {
        "threshold": 0.55,
        "model": {
            "type": "minecraft:range_dispatch",
            "property": "minecraft:use_duration",
            "scale": 0.05,
            "fallback": {
            "type": "minecraft:model",
            "model": "item/gar_bow"
            },
            "entries": [
            {
                "model": {
                "type": "minecraft:model",
                "model": "item/gar_bow_pulling_0"
                },
                "threshold": 0.001
            },{
                "model": {
                "type": "minecraft:model",
                "model": "item/gar_bow_pulling_1"
                },
                "threshold": 0.65
            },
            {
                "model": {
                "type": "minecraft:model",
                "model": "item/gar_bow_pulling_2"
                },
                "threshold": 0.9
            }
            ]
        }
      },
      {
        "threshold": 0.6,
        "model": {
            "type": "minecraft:range_dispatch",
            "property": "minecraft:use_duration",
            "scale": 0.05,
            "fallback": {
            "type": "minecraft:model",
            "model": "item/ggar_bow"
            },
            "entries": [
            {
                "model": {
                "type": "minecraft:model",
                "model": "item/ggar_bow_pulling_0"
                },
                "threshold": 0.001
            },{
                "model": {
                "type": "minecraft:model",
                "model": "item/ggar_bow_pulling_1"
                },
                "threshold": 0.65
            },
            {
                "model": {
                "type": "minecraft:model",
                "model": "item/ggar_bow_pulling_2"
                },
                "threshold": 0.9
            }
            ]
        }
      },
      {
        "threshold": 0.65,
        "model": {
            "type": "minecraft:range_dispatch",
            "property": "minecraft:use_duration",
            "scale": 0.05,
            "fallback": {
            "type": "minecraft:model",
            "model": "item/sha_bow"
            },
            "entries": [
            {
                "model": {
                "type": "minecraft:model",
                "model": "item/sha_bow_pulling_0"
                },
                "threshold": 0.001
            },{
                "model": {
                "type": "minecraft:model",
                "model": "item/sha_bow_pulling_1"
                },
                "threshold": 0.65
            },
            {
                "model": {
                "type": "minecraft:model",
                "model": "item/sha_bow_pulling_2"
                },
                "threshold": 0.9
            }
            ]
        }
      }
    ]
  }
}