{
	"credit": "Made by Miffen Kop!",
	"texture_size": [64, 64],
	"textures": {
		"0": "item/snow_golem",
		"particle": "block/pumpkin_side"
	},
	"elements": [
		{
			"name": "head",
			"from": [4.5, 20.5, 4.5],
			"to": [11.5, 27.5, 11.5],
			"rotation": {"angle": 0, "axis": "y", "origin": [8, 0, 8]},
			"faces": {
				"north": {"uv": [2, 2, 4, 4], "texture": "#0"},
				"east": {"uv": [0, 2, 2, 4], "texture": "#0"},
				"south": {"uv": [6, 2, 8, 4], "texture": "#0"},
				"west": {"uv": [4, 2, 6, 4], "texture": "#0"},
				"up": {"uv": [4, 2, 2, 0], "texture": "#0"},
				"down": {"uv": [6, 0, 4, 2], "texture": "#0"}
			}
		},
		{
			"name": "left_hand_rotation",
			"from": [3, 7.25, 7.5],
			"to": [4, 18.25, 8.5],
			"rotation": {"angle": -22.5, "axis": "z", "origin": [3.5, 17.75, 8]},
			"faces": {
				"north": {"uv": [8.5, 0.5, 11.5, 1], "rotation": 90, "texture": "#0"},
				"east": {"uv": [14.5, 0, 11.5, 0.5], "rotation": 270, "texture": "#0"},
				"south": {"uv": [12, 0.5, 15, 1], "rotation": 270, "texture": "#0"},
				"west": {"uv": [11.5, 0.5, 8.5, 0], "rotation": 270, "texture": "#0"},
				"up": {"uv": [8, 0.5, 8.5, 1], "rotation": 270, "texture": "#0"},
				"down": {"uv": [11.5, 0.5, 12, 1], "rotation": 270, "texture": "#0"}
			}
		},
		{
			"name": "right_hand_rotation",
			"from": [12, 7.25, 7.5],
			"to": [13, 18.25, 8.5],
			"rotation": {"angle": 22.5, "axis": "z", "origin": [12.5, 17.75, 8]},
			"faces": {
				"north": {"uv": [11.5, 1, 8.5, 0.5], "rotation": 90, "texture": "#0"},
				"east": {"uv": [11.5, 0, 8.5, 0.5], "rotation": 270, "texture": "#0"},
				"south": {"uv": [12, 1, 15, 0.5], "rotation": 270, "texture": "#0"},
				"west": {"uv": [14.5, 0.5, 11.5, 0], "rotation": 270, "texture": "#0"},
				"up": {"uv": [8, 1, 8.5, 0.5], "rotation": 270, "texture": "#0"},
				"down": {"uv": [11.5, 1, 12, 0.5], "rotation": 270, "texture": "#0"}
			}
		},
		{
			"name": "body",
			"from": [3.5, 11.5, 3.5],
			"to": [12.5, 20.5, 12.5],
			"rotation": {"angle": 0, "axis": "y", "origin": [8, 0, 8]},
			"faces": {
				"north": {"uv": [2.5, 6.5, 5, 9], "texture": "#0"},
				"east": {"uv": [0, 6.5, 2.5, 9], "texture": "#0"},
				"south": {"uv": [7.5, 6.5, 10, 9], "texture": "#0"},
				"west": {"uv": [5, 6.5, 7.5, 9], "texture": "#0"},
				"up": {"uv": [5, 6.5, 2.5, 4], "texture": "#0"},
				"down": {"uv": [7.5, 4, 5, 6.5], "texture": "#0"}
			}
		},
		{
			"name": "body_bottom",
			"from": [2.5, 0.5, 2.5],
			"to": [13.5, 11.5, 13.5],
			"rotation": {"angle": 0, "axis": "y", "origin": [8, 0, 8]},
			"faces": {
				"north": {"uv": [3, 12, 6, 15], "texture": "#0"},
				"east": {"uv": [0, 12, 3, 15], "texture": "#0"},
				"south": {"uv": [9, 12, 12, 15], "texture": "#0"},
				"west": {"uv": [6, 12, 9, 15], "texture": "#0"},
				"up": {"uv": [6, 12, 3, 9], "texture": "#0"},
				"down": {"uv": [9, 9, 6, 12], "texture": "#0"}
			}
		}
	],
	"display": {
		"head": {
			"translation": [0, -13.75, 0]
		}
	},
	"groups": [
		{
			"name": "head",
			"origin": [8, 20, 8],
			"color": 0,
			"nbt": "{}",
			"children": [0, 1]
		},
		{
			"name": "left_hand",
			"origin": [3.5, 18.75, 8],
			"color": 0,
			"nbt": "{}",
			"children": [
				{
					"name": "left_hand_rotation",
					"origin": [4, 17.75, 8],
					"color": 0,
					"nbt": "{}",
					"children": [2]
				}
			]
		},
		{
			"name": "right_hand",
			"origin": [22.5, 18.75, 8],
			"color": 0,
			"nbt": "{}",
			"children": [
				{
					"name": "right_hand_flip",
					"origin": [17.5, 17.75, 8],
					"color": 0,
					"nbt": "{}",
					"children": [
						{
							"name": "right_hand_rotation",
							"origin": [23, 17.75, 8],
							"color": 0,
							"nbt": "{}",
							"children": [3]
						}
					]
				}
			]
		},
		{
			"name": "body",
			"origin": [8, 11, 8],
			"color": 0,
			"nbt": "{}",
			"children": [4]
		},
		{
			"name": "body_bottom",
			"origin": [8, 0, 8],
			"color": 0,
			"nbt": "{}",
			"children": []
		}
	]
}