{
    "__comment": "Made with TheDestruc7i0n's advancements generator: https://advancements.thedestruc7i0n.ca",
    "display": {
        "title": {
            "text": "Resident Cheater",
            "color": "dark_aqua"
        },
        "description": {
            "text": "Find Wizard",
            "color": "white"
        },
        "icon": {
            "item": "minecraft:pig_spawn_egg"
        },
        "frame": "task",
        "show_toast": true,
        "announce_to_chat": true,
        "hidden": true
    },
    "criteria": {
        "wizard": {
            "trigger": "minecraft:impossible"
        }
    },
    "parent": "classes:root"
}