{
    "__comment": "Made with TheDestruc7i0n's advancements generator: https://advancements.thedestruc7i0n.ca",
    "display": {
        "title": {
            "text": "Unsatisfied Mortal",
            "color": "dark_purple"
        },
        "description": {
            "text": "Find Mad Scientist",
            "color": "white"
        },
        "icon": {
            "item": "minecraft:ink_sac"
        },
        "frame": "task",
        "show_toast": true,
        "announce_to_chat": true,
        "hidden": true
    },
    "criteria": {
        "mad": {
            "trigger": "minecraft:impossible"
        }
    },
    "parent": "classes:root"
}