{
  "minecraft:husbandry/balanced_diet": {
    "criteria": {
      "golden_apple": "2017-06-10 22:07:18 +0000"
    },
    "done": false
  },
  "minecraft:husbandry/root": {
    "criteria": {
      "consumed_item": "2017-06-10 22:07:18 +0000"
    },
    "done": true
  },
  "minecraft:story/shiny_gear": {
    "criteria": {
      "diamond_chestplate": "2017-06-10 22:07:13 +0000"
    },
    "done": true
  },
  "minecraft:adventure/adventuring_time": {
    "criteria": {
      "plains": "2017-06-10 22:07:14 +0000"
    },
    "done": false
  }
}