{
  "minecraft:story/obtain_armor": {
    "criteria": {
      "iron_chestplate": "2017-08-20 04:57:20 +0000"
    },
    "done": true
  },
  "minecraft:recipes/redstone/dispenser": {
    "criteria": {
      "has_bow": "2017-08-20 04:58:26 +0000"
    },
    "done": true
  },
  "minecraft:story/shiny_gear": {
    "criteria": {
      "diamond_chestplate": "2017-08-20 04:57:26 +0000"
    },
    "done": true
  },
  "minecraft:adventure/adventuring_time": {
    "criteria": {
      "plains": "2017-08-20 04:56:03 +0000"
    },
    "done": false
  }
}