{
  "minecraft:recipes/misc/book": {
    "criteria": {
      "has_paper": "2017-07-08 05:45:49 +0000"
    },
    "done": true
  },
  "minecraft:recipes/redstone/dispenser": {
    "criteria": {
      "has_bow": "2017-07-08 05:45:49 +0000"
    },
    "done": true
  },
  "minecraft:story/shiny_gear": {
    "criteria": {
      "diamond_helmet": "2017-07-08 05:45:49 +0000"
    },
    "done": true
  },
  "minecraft:adventure/adventuring_time": {
    "criteria": {
      "plains": "2017-07-08 05:43:50 +0000"
    },
    "done": false
  }
}