{
  "minecraft:recipes/decorations/red_stained_glass_pane_from_glass_pane": {
    "criteria": {
      "has_red_dye": "2019-11-05 15:58:26 -0500"
    },
    "done": true
  },
  "minecraft:recipes/misc/magenta_dye_from_blue_red_white_dye": {
    "criteria": {
      "has_rose_red": "2019-11-05 15:58:26 -0500"
    },
    "done": true
  },
  "minecraft:recipes/misc/pink_dye_from_red_white_dye": {
    "criteria": {
      "has_red_dye": "2019-11-05 15:58:26 -0500"
    },
    "done": true
  },
  "minecraft:recipes/decorations/red_carpet_from_white_carpet": {
    "criteria": {
      "has_red_dye": "2019-11-05 15:58:26 -0500"
    },
    "done": true
  },
  "classes:root": {
    "criteria": {
      "warrior": "2019-11-05 15:55:30 -0500"
    },
    "done": true
  },
  "survival:root": {
    "criteria": {
      "warrior": "2019-11-05 15:55:30 -0500"
    },
    "done": true
  },
  "minecraft:recipes/misc/gold_nugget_from_blasting": {
    "criteria": {
      "has_golden_chestplate": "2019-11-05 15:55:59 -0500"
    },
    "done": true
  },
  "minecraft:recipes/misc/magenta_dye_from_blue_red_pink": {
    "criteria": {
      "has_red_dye": "2019-11-05 15:58:26 -0500"
    },
    "done": true
  },
  "DataVersion": 1976
}