{
  "minecraft:recipes/misc/book": {
    "criteria": {
      "has_paper": "2017-08-01 14:12:16 +0000"
    },
    "done": true
  },
  "minecraft:recipes/redstone/dispenser": {
    "criteria": {
      "has_bow": "2017-08-01 14:12:16 +0000"
    },
    "done": true
  },
  "minecraft:story/shiny_gear": {
    "criteria": {
      "diamond_helmet": "2017-08-01 14:11:50 +0000"
    },
    "done": true
  },
  "minecraft:adventure/adventuring_time": {
    "criteria": {
      "plains": "2017-07-31 01:10:56 +0000"
    },
    "done": false
  }
}