{
  "classes:class3": {
    "criteria": {
      "trapper": "2019-11-05 15:55:42 -0500"
    },
    "done": true
  },
  "classes:class5": {
    "criteria": {
      "mad": "2019-11-05 15:54:56 -0500"
    },
    "done": true
  },
  "minecraft:recipes/misc/iron_nugget_from_blasting": {
    "criteria": {
      "has_chainmail_chestplate": "2019-11-05 15:54:36 -0500"
    },
    "done": true
  },
  "classes:class4": {
    "criteria": {
      "wizard": "2019-11-05 15:54:36 -0500"
    },
    "done": true
  },
  "classes:root": {
    "criteria": {
      "warrior": "2019-11-05 15:53:59 -0500"
    },
    "done": true
  },
  "survival:root": {
    "criteria": {
      "warrior": "2019-11-05 15:53:59 -0500"
    },
    "done": true
  },
  "classes:class7": {
    "criteria": {
      "echo": "2019-11-05 15:54:38 -0500"
    },
    "done": true
  },
  "classes:class6": {
    "criteria": {
      "reaper": "2019-11-05 15:55:05 -0500"
    },
    "done": true
  },
  "minecraft:recipes/misc/gold_nugget_from_blasting": {
    "criteria": {
      "has_golden_chestplate": "2019-11-05 15:54:19 -0500"
    },
    "done": true
  },
  "classes:class8": {
    "criteria": {
      "gardener": "2019-11-05 15:56:53 -0500"
    },
    "done": true
  },
  "DataVersion": 1976
}