{
  "minecraft:recipes/misc/book": {
    "criteria": {
      "has_paper": "2017-07-04 05:54:27 +0000"
    },
    "done": true
  },
  "minecraft:story/obtain_armor": {
    "criteria": {
      "iron_boots": "2017-07-04 05:54:27 +0000"
    },
    "done": true
  },
  "minecraft:recipes/redstone/dispenser": {
    "criteria": {
      "has_bow": "2017-07-04 05:54:27 +0000"
    },
    "done": true
  },
  "minecraft:story/shiny_gear": {
    "criteria": {
      "diamond_chestplate": "2017-07-04 05:54:19 +0000"
    },
    "done": true
  },
  "minecraft:end/levitate": {
    "criteria": {
      "levitated": "2017-07-04 05:58:05 +0000"
    },
    "done": true
  },
  "minecraft:adventure/adventuring_time": {
    "criteria": {
      "plains": "2017-06-26 19:38:44 +0000"
    },
    "done": false
  }
}