{
  "minecraft:recipes/misc/black_dye": {
    "criteria": {
      "has_ink_sac": "2019-11-06 19:29:07 -0500"
    },
    "done": true
  },
  "minecraft:recipes/decorations/campfire": {
    "criteria": {
      "has_stick": "2019-11-06 19:29:07 -0500"
    },
    "done": true
  },
  "minecraft:recipes/misc/magenta_dye_from_blue_red_white_dye": {
    "criteria": {
      "has_rose_red": "2019-11-06 20:08:34 -0500"
    },
    "done": true
  },
  "minecraft:recipes/misc/iron_nugget_from_blasting": {
    "criteria": {
      "has_iron_hoe": "2019-11-06 20:01:41 -0500"
    },
    "done": true
  },
  "minecraft:recipes/misc/pink_dye_from_red_white_dye": {
    "criteria": {
      "has_red_dye": "2019-11-06 20:08:34 -0500"
    },
    "done": true
  },
  "classes:root": {
    "criteria": {
      "warrior": "2019-11-06 19:24:11 -0500"
    },
    "done": true
  },
  "minecraft:recipes/misc/magenta_dye_from_blue_red_pink": {
    "criteria": {
      "has_red_dye": "2019-11-06 20:08:34 -0500"
    },
    "done": true
  },
  "minecraft:recipes/decorations/red_stained_glass_pane_from_glass_pane": {
    "criteria": {
      "has_red_dye": "2019-11-06 20:08:34 -0500"
    },
    "done": true
  },
  "minecraft:recipes/combat/crossbow": {
    "criteria": {
      "has_stick": "2019-11-06 19:29:07 -0500"
    },
    "done": true
  },
  "minecraft:recipes/decorations/red_carpet_from_white_carpet": {
    "criteria": {
      "has_red_dye": "2019-11-06 20:08:34 -0500"
    },
    "done": true
  },
  "survival:root": {
    "criteria": {
      "warrior": "2019-11-06 19:24:11 -0500"
    },
    "done": true
  },
  "minecraft:recipes/misc/iron_ingot_from_blasting": {
    "criteria": {
      "has_iron_ore": "2019-11-06 20:21:41 -0500"
    },
    "done": true
  },
  "minecraft:recipes/misc/gold_nugget_from_blasting": {
    "criteria": {
      "has_golden_chestplate": "2019-11-06 19:27:16 -0500"
    },
    "done": true
  },
  "DataVersion": 1976
}