{
    "parent": "item/generated",
    "textures": {
        "layer0": "item/bow"
    },
    "display": {
        "thirdperson_righthand": {
            "rotation": [ -80, 260, -40 ],
            "translation": [ -1, -2, 2.5 ],
            "scale": [ 0.9, 0.9, 0.9 ]
        },
        "thirdperson_lefthand": {
            "rotation": [ -80, -280, 40 ],
            "translation": [ -1, -2, 2.5 ],
            "scale": [ 0.9, 0.9, 0.9 ]
        },
        "firstperson_righthand": {
            "rotation": [ 0, -90, 25 ],
            "translation": [ 1.13, 3.2, 1.13],
            "scale": [ 0.68, 0.68, 0.68 ]
        },
        "firstperson_lefthand": {
            "rotation": [ 0, 90, -25 ],
            "translation": [ 1.13, 3.2, 1.13],
            "scale": [ 0.68, 0.68, 0.68 ]
        }
    },
    "overrides": [
        {
            "predicate": {
                "pulling": 1
            },
            "model": "item/bow_pulling_0"
        },
        {
            "predicate": {
                "pulling": 1,
                "pull": 0.65
            },
            "model": "item/bow_pulling_1"
        },
        {
            "predicate": {
                "pulling": 1,
                "pull": 0.9
            },
            "model": "item/bow_pulling_2"
        },
		{
            "predicate": {
				"damage" : 0.05
            },
            "model": "item/sol_bow"
        },
		{
            "predicate": {
				"pulling": 1,
				"damage" : 0.05
            },
            "model": "item/sol_bow_pulling_0"
        },
		{
            "predicate": {
				"pulling": 1,
				"pull": 0.65,
				"damage" : 0.05
            },
            "model": "item/sol_bow_pulling_1"
        },
		{
            "predicate": {
				"pulling": 1,
				"pull": 0.9,
				"damage" : 0.05
            },
            "model": "item/sol_bow_pulling_2"
        },
		{
            "predicate": {
				"damage" : 0.1
            },
            "model": "item/ass_bow"
        },
		{
            "predicate": {
				"pulling": 1,
				"damage" : 0.1
            },
            "model": "item/ass_bow_pulling_0"
        },
		{
            "predicate": {
				"pulling": 1,
				"pull": 0.65,
				"damage" : 0.1
            },
            "model": "item/ass_bow_pulling_1"
        },
		{
            "predicate": {
				"pulling": 1,
				"pull": 0.9,
				"damage" : 0.1
            },
            "model": "item/ass_bow_pulling_2"
        },
		{
            "predicate": {
				"damage" : 0.15
            },
            "model": "item/gho_bow"
        },
		{
            "predicate": {
				"pulling": 1,
				"damage" : 0.15
            },
            "model": "item/gho_bow_pulling_0"
        },
		{
            "predicate": {
				"pulling": 1,
				"pull": 0.65,
				"damage" : 0.15
            },
            "model": "item/gho_bow_pulling_1"
        },
		{
            "predicate": {
				"pulling": 1,
				"pull": 0.9,
				"damage" : 0.15
            },
            "model": "item/gho_bow_pulling_2"
        },
		{
            "predicate": {
				"damage" : 0.2
            },
            "model": "item/tra_bow"
        },
		{
            "predicate": {
				"pulling": 1,
				"damage" : 0.2
            },
            "model": "item/tra_bow_pulling_0"
        },
		{
            "predicate": {
				"pulling": 1,
				"pull": 0.65,
				"damage" : 0.2
            },
            "model": "item/tra_bow_pulling_1"
        },
		{
            "predicate": {
				"pulling": 1,
				"pull": 0.9,
				"damage" : 0.2
            },
            "model": "item/tra_bow_pulling_2"
        },
		{
            "predicate": {
				"damage" : 0.25
            },
            "model": "item/wizf_bow"
        },
		{
            "predicate": {
				"pulling": 1,
				"damage" : 0.25
            },
            "model": "item/wizf_bow_pulling_0"
        },
		{
            "predicate": {
				"pulling": 1,
				"pull": 0.65,
				"damage" : 0.25
            },
            "model": "item/wizf_bow_pulling_1"
        },
		{
            "predicate": {
				"pulling": 1,
				"pull": 0.9,
				"damage" : 0.25
            },
            "model": "item/wizf_bow_pulling_2"
        },
		{
            "predicate": {
				"damage" : 0.3
            },
            "model": "item/wizp_bow"
        },
		{
            "predicate": {
				"pulling": 1,
				"damage" : 0.3
            },
            "model": "item/wizp_bow_pulling_0"
        },
		{
            "predicate": {
				"pulling": 1,
				"pull": 0.65,
				"damage" : 0.3
            },
            "model": "item/wizp_bow_pulling_1"
        },
		{
            "predicate": {
				"pulling": 1,
				"pull": 0.9,
				"damage" : 0.3
            },
            "model": "item/wizp_bow_pulling_2"
        },
		{
            "predicate": {
				"damage" : 0.35
            },
            "model": "item/wizt_bow"
        },
		{
            "predicate": {
				"pulling": 1,
				"damage" : 0.35
            },
            "model": "item/wizt_bow_pulling_0"
        },
		{
            "predicate": {
				"pulling": 1,
				"pull": 0.65,
				"damage" : 0.35
            },
            "model": "item/wizt_bow_pulling_1"
        },
		{
            "predicate": {
				"pulling": 1,
				"pull": 0.9,
				"damage" : 0.35
            },
            "model": "item/wizt_bow_pulling_2"
        },
		{
            "predicate": {
				"damage" : 0.4
            },
            "model": "item/mad_bow"
        },
		{
            "predicate": {
				"pulling": 1,
				"damage" : 0.4
            },
            "model": "item/mad_bow_pulling_0"
        },
		{
            "predicate": {
				"pulling": 1,
				"pull": 0.65,
				"damage" : 0.4
            },
            "model": "item/mad_bow_pulling_1"
        },
		{
            "predicate": {
				"pulling": 1,
				"pull": 0.9,
				"damage" : 0.4
            },
            "model": "item/mad_bow_pulling_2"
        },
		{
            "predicate": {
				"damage" : 0.45
            },
            "model": "item/rea_bow"
        },
		{
            "predicate": {
				"pulling": 1,
				"damage" : 0.45
            },
            "model": "item/rea_bow_pulling_0"
        },
		{
            "predicate": {
				"pulling": 1,
				"pull": 0.65,
				"damage" : 0.45
            },
            "model": "item/rea_bow_pulling_1"
        },
		{
            "predicate": {
				"pulling": 1,
				"pull": 0.9,
				"damage" : 0.45
            },
            "model": "item/rea_bow_pulling_2"
        },
		{
            "predicate": {
				"damage" : 0.5
            },
            "model": "item/ech_bow"
        },
		{
            "predicate": {
				"pulling": 1,
				"damage" : 0.5
            },
            "model": "item/ech_bow_pulling_0"
        },
		{
            "predicate": {
				"pulling": 1,
				"pull": 0.65,
				"damage" : 0.5
            },
            "model": "item/ech_bow_pulling_1"
        },
		{
            "predicate": {
				"pulling": 1,
				"pull": 0.9,
				"damage" : 0.5
            },
            "model": "item/ech_bow_pulling_2"
        },
		{
            "predicate": {
				"damage" : 0.55
            },
            "model": "item/gar_bow"
        },
		{
            "predicate": {
				"pulling": 1,
				"damage" : 0.55
            },
            "model": "item/gar_bow_pulling_0"
        },
		{
            "predicate": {
				"pulling": 1,
				"pull": 0.65,
				"damage" : 0.55
            },
            "model": "item/gar_bow_pulling_1"
        },
		{
            "predicate": {
				"pulling": 1,
				"pull": 0.9,
				"damage" : 0.55
            },
            "model": "item/gar_bow_pulling_2"
        }
    ]
}
