{
	"credit": "Made with Blockbench",
	"textures": {
		"0": "item/cown",
		"particle": "item/cown"
	},
	"elements": [
		{
			"from": [0, 0, 0],
			"to": [16, 16, 16],
			"faces": {
				"north": {"uv": [12, 4, 16, 8], "texture": "#0"},
				"east": {"uv": [8, 4, 12, 8], "texture": "#0"},
				"south": {"uv": [4, 4, 8, 8], "texture": "#0"},
				"west": {"uv": [0, 4, 4, 8], "texture": "#0"}
			}
		}
	],
	"display": {
		"gui": {
			"translation": [0, -3, 0],
			"scale": [0.85, 0.85, 0.85]
		},
		"head": {
			"rotation": [-2.5, 180, -2.5],
			"translation": [0, 3.5, 0]
		}
	}
}