{
    "providers": [
      {
        "type": "bitmap",
        "file": "minecraft:font/round.png",
        "ascent": 12,
        "height": 16,
        "chars": ["\u000a"]
      },
      {
          "type": "bitmap",
          "file": "minecraft:font/name_back.png",
          "ascent": 11,
          "height": 16,
          "chars": ["δ"]
      },
      {
        "type": "bitmap",
        "file": "minecraft:font/go.png",
        "ascent": 12,
        "height": 24,
        "chars": ["\u000b"]
      },
      {
        "type": "bitmap",
        "file": "minecraft:font/logo.png",
        "ascent": 26,
        "height": 52,
        "chars": ["\u000c"]
      },
      {
        "type": "bitmap",
        "file": "minecraft:font/wins.png",
        "ascent": 11,
        "height": 12,
        "chars": ["\u000d"]
      },
      {
        "type": "bitmap",
        "file": "minecraft:font/wins.png",
        "ascent": 10,
        "height": 10,
        "chars": ["\u000e"]
      },
      {
        "type": "bitmap",
        "file": "minecraft:font/wins_tall.png",
        "ascent": 20,
        "height": 24,
        "chars": ["\u000f"]
      },
      {
        "type": "bitmap",
        "file": "minecraft:font/wins.png",
        "ascent": 9,
        "height": 9,
        "chars": ["\u00aa"]
      },
      {
        "type": "bitmap",
        "file": "minecraft:font/wins_tall.png",
        "ascent": 18,
        "height": 24,
        "chars": ["\u00ab"]
      },
      {
        "type": "bitmap",
        "file": "minecraft:font/wins.png",
        "ascent": 12,
        "height": 12,
        "chars": ["\u00ac"]
      },
      {
        "type": "bitmap",
        "file": "minecraft:font/intro_1a.png",
        "ascent": 16,
        "height": 32,
        "chars": ["\ua010"]
      },
      {
        "type": "bitmap",
        "file": "minecraft:font/intro_1b.png",
        "ascent": 16,
        "height": 32,
        "chars": ["\ua011"]
      },
      {
        "type": "bitmap",
        "file": "minecraft:font/intro_1c.png",
        "ascent": 16,
        "height": 32,
        "chars": ["\ua012"]
      },
      {
        "type": "bitmap",
        "file": "minecraft:font/intro_1d.png",
        "ascent": 16,
        "height": 32,
        "chars": ["\ua013"]
      },
      {
        "type": "bitmap",
        "file": "minecraft:font/intro_1e.png",
        "ascent": 16,
        "height": 32,
        "chars": ["\ua014"]
      },
      {
        "type": "bitmap",
        "file": "minecraft:font/intro_3.png",
        "ascent": 16,
        "height": 32,
        "chars": ["\ua030"]
      },
      {
        "type": "bitmap",
        "file": "minecraft:font/intro_4.png",
        "ascent": 16,
        "height": 32,
        "chars": ["\ua040"]
      },
      {
        "type": "bitmap",
        "file": "minecraft:font/intro_5.png",
        "ascent": 16,
        "height": 32,
        "chars": ["\ua050"]
      },
      {
        "type": "bitmap",
        "file": "minecraft:font/intro_7.png",
        "ascent": 16,
        "height": 32,
        "chars": ["\ua070"]
      },
      {
        "type": "bitmap",
        "file": "minecraft:font/blue.png",
        "ascent": 20,
        "height": 24,
        "chars": ["\u0c0a"]
      },
      {
        "type": "bitmap",
        "file": "minecraft:font/red.png",
        "ascent": 20,
        "height": 24,
        "chars": ["\u0c0b"]
      },
      {
        "type": "bitmap",
        "file": "minecraft:font/green.png",
        "ascent": 20,
        "height": 24,
        "chars": ["\u0c0c"]
      },
      {
        "type": "bitmap",
        "file": "minecraft:font/assassin.png",
        "ascent": 17,
        "height": 17,
        "chars": ["\u0c00"]
      },
      {
        "type": "bitmap",
        "file": "minecraft:font/soldier_test.png",
        "ascent": 23,
        "height": 24,
        "chars": ["\u0c01"]
      },
      {
        "type": "bitmap",
        "file": "minecraft:font/ghost.png",
        "ascent": 12,
        "height": 12,
        "chars": ["\u0c02"]
      },
      {
        "type": "bitmap",
        "file": "minecraft:font/trapper.png",
        "ascent": 10,
        "height": 12,
        "chars": ["\u0c03"]
      },
      {
        "type": "bitmap",
        "file": "minecraft:font/wizard.png",
        "ascent": 12,
        "height": 12,
        "chars": ["\u0c04"]
      },
      {
        "type": "bitmap",
        "file": "minecraft:font/mad_v2.png",
        "ascent": 18,
        "height": 18,
        "chars": ["\u0c05"]
      },
      {
        "type": "bitmap",
        "file": "minecraft:font/reaper.png",
        "ascent": 24,
        "height": 24,
        "chars": ["\u0c06"]
      },
      {
        "type": "bitmap",
        "file": "minecraft:font/echo.png",
        "ascent": 23,
        "height": 37,
        "chars": ["\u0c07"]
      },
      {
        "type": "bitmap",
        "file": "minecraft:font/gardener_v3.png",
        "ascent": 24,
        "height": 24,
        "chars": ["\u0c08"]
      },
      {
        "type": "bitmap",
        "file": "minecraft:font/overlord.png",
        "ascent": 11,
        "height": 12,
        "chars": ["\u0c09"]
      },
      {
        "type": "bitmap",
        "file": "minecraft:font/shard.png",
        "ascent": 17,
        "height": 24,
        "chars": ["\u0c10"]
      },
      {
        "type": "bitmap",
        "file": "minecraft:font/1.png",
        "ascent": 12,
        "height": 16,
        "chars": ["1"]
      },
      {
        "type": "bitmap",
        "file": "minecraft:font/2.png",
        "ascent": 12,
        "height": 16,
        "chars": ["2"]
      },
      {
        "type": "bitmap",
        "file": "minecraft:font/3.png",
        "ascent": 12,
        "height": 16,
        "chars": ["3"]
      },
      {
        "type": "bitmap",
        "file": "minecraft:font/4.png",
        "ascent": 12,
        "height": 16,
        "chars": ["4"]
      },
      {
        "type": "bitmap",
        "file": "minecraft:font/5.png",
        "ascent": 12,
        "height": 16,
        "chars": ["5"]
      },
      {
        "type": "bitmap",
        "file": "minecraft:font/6.png",
        "ascent": 12,
        "height": 16,
        "chars": ["6"]
      },
      {
        "type": "bitmap",
        "file": "minecraft:font/7.png",
        "ascent": 12,
        "height": 16,
        "chars": ["7"]
      },
      {
        "type": "bitmap",
        "file": "minecraft:font/8.png",
        "ascent": 12,
        "height": 16,
        "chars": ["8"]
      },
      {
        "type": "bitmap",
        "file": "minecraft:font/9.png",
        "ascent": 12,
        "height": 16,
        "chars": ["9"]
      },
      {
        "type": "bitmap",
        "file": "minecraft:font/3_big.png",
        "ascent": 128,
        "height": 256,
        "chars": ["\u3000"]
      },
      {
        "type": "bitmap",
        "file": "minecraft:font/2_big.png",
        "ascent": 128,
        "height": 256,
        "chars": ["\u2000"]
      },
      {
        "type": "bitmap",
        "file": "minecraft:font/1_big.png",
        "ascent": 128,
        "height": 256,
        "chars": ["\u1000"]
      },
      {
        "type": "bitmap",
        "file": "minecraft:font/3_l_0.png",
        "ascent": 128,
        "height": 256,
        "chars": ["\u3a01"]
      },
      {
        "type": "bitmap",
        "file": "minecraft:font/3_l_1.png",
        "ascent": 128,
        "height": 256,
        "chars": ["\u3a02"]
      },
      {
        "type": "bitmap",
        "file": "minecraft:font/3_l_2.png",
        "ascent": 128,
        "height": 256,
        "chars": ["\u3a03"]
      },
      {
        "type": "bitmap",
        "file": "minecraft:font/3_l_3.png",
        "ascent": 128,
        "height": 256,
        "chars": ["\u3a04"]
      },
      {
        "type": "bitmap",
        "file": "minecraft:font/2_l_0.png",
        "ascent": 128,
        "height": 256,
        "chars": ["\u2a01"]
      },
      {
        "type": "bitmap",
        "file": "minecraft:font/2_l_1.png",
        "ascent": 128,
        "height": 256,
        "chars": ["\u2a02"]
      },
      {
        "type": "bitmap",
        "file": "minecraft:font/2_l_2.png",
        "ascent": 128,
        "height": 256,
        "chars": ["\u2a03"]
      },
      {
        "type": "bitmap",
        "file": "minecraft:font/2_l_3.png",
        "ascent": 128,
        "height": 256,
        "chars": ["\u2a04"]
      },
      {
        "type": "bitmap",
        "file": "minecraft:font/1_l_0.png",
        "ascent": 128,
        "height": 256,
        "chars": ["\u1a01"]
      },
      {
        "type": "bitmap",
        "file": "minecraft:font/1_l_1.png",
        "ascent": 128,
        "height": 256,
        "chars": ["\u1a02"]
      },
      {
        "type": "bitmap",
        "file": "minecraft:font/1_l_2.png",
        "ascent": 128,
        "height": 256,
        "chars": ["\u1a03"]
      },
      {
        "type": "bitmap",
        "file": "minecraft:font/1_l_3.png",
        "ascent": 128,
        "height": 256,
        "chars": ["\u1a04"]
      },
      {
        "type": "bitmap",
        "file": "minecraft:font/3_dot_1.png",
        "ascent": 128,
        "height": 256,
        "chars": ["\u3b01"]
      },
      {
        "type": "bitmap",
        "file": "minecraft:font/3_dot_2.png",
        "ascent": 128,
        "height": 256,
        "chars": ["\u3b02"]
      },
      {
        "type": "bitmap",
        "file": "minecraft:font/3_dot_3.png",
        "ascent": 128,
        "height": 256,
        "chars": ["\u3b03"]
      },
      {
        "type": "bitmap",
        "file": "minecraft:font/2_dot_1.png",
        "ascent": 128,
        "height": 256,
        "chars": ["\u2b01"]
      },
      {
        "type": "bitmap",
        "file": "minecraft:font/2_dot_2.png",
        "ascent": 128,
        "height": 256,
        "chars": ["\u2b02"]
      },
      {
        "type": "bitmap",
        "file": "minecraft:font/2_dot_3.png",
        "ascent": 128,
        "height": 256,
        "chars": ["\u2b03"]
      },
      {
        "type": "bitmap",
        "file": "minecraft:font/1_dot_1.png",
        "ascent": 128,
        "height": 256,
        "chars": ["\u1b01"]
      },
      {
        "type": "bitmap",
        "file": "minecraft:font/1_dot_2.png",
        "ascent": 128,
        "height": 256,
        "chars": ["\u1b02"]
      },
      {
        "type": "bitmap",
        "file": "minecraft:font/1_dot_3.png",
        "ascent": 128,
        "height": 256,
        "chars": ["\u1b03"]
      }
    ]
}